{
  "aggregate_from": "/home/tom/agentragdrop/results/hotpotqa_full",
  "num_shards": 8,
  "shards": [
    "dev_0_1000",
    "dev_1000_2000",
    "dev_2000_3000",
    "dev_3000_4000",
    "dev_4000_5000",
    "dev_5000_6000",
    "dev_6000_7000",
    "dev_7000_7405"
  ],
  "systems": [
    "agentragdrop_lazy_greedy",
    "agentragdrop_none",
    "agentragdrop_risk_controlled",
    "vanilla_rag"
  ],
  "summary": {
    "agentragdrop_lazy_greedy": {
      "n": 6405,
      "em_mean": 0.1305230288836846,
      "em_std": 0.3368779716970426,
      "f1_mean": 0.1798642934945743,
      "f1_std": 0.357921069874192,
      "tokens_mean": 348.80577673692426,
      "tokens_std": 33.43064730099351,
      "latency_mean": 546.5103324784793,
      "latency_p50": 892.0516204088926,
      "latency_p95": 917.5841316580772
    },
    "agentragdrop_none": {
      "n": 6405,
      "em_mean": 0.1305230288836846,
      "em_std": 0.3368779716970426,
      "f1_mean": 0.1798642934945743,
      "f1_std": 0.357921069874192,
      "tokens_mean": 578.9809523809524,
      "tokens_std": 111.4247001602718,
      "latency_mean": 1334.838276045,
      "latency_p50": 1344.2178796976805,
      "latency_p95": 3113.741458207369
    },
    "agentragdrop_risk_controlled": {
      "n": 6405,
      "em_mean": 0.1305230288836846,
      "em_std": 0.3368779716970426,
      "f1_mean": 0.1798642934945743,
      "f1_std": 0.357921069874192,
      "tokens_mean": 348.80577673692426,
      "tokens_std": 33.43064730099351,
      "latency_mean": 549.3071028062672,
      "latency_p50": 894.8657866567373,
      "latency_p95": 923.831732571125
    },
    "vanilla_rag": {
      "n": 2405,
      "em_mean": 0.0,
      "em_std": 0.0,
      "f1_mean": 0.06727541837417017,
      "f1_std": 0.06905505301839372,
      "tokens_mean": 143.8170478170478,
      "tokens_std": 22.67383758950248,
      "latency_mean": 1677.9088318285972,
      "latency_p50": 1754.0410086512566,
      "latency_p95": 1782.7642645686865
    }
  },
  "significance_tests": {
    "agentragdrop_lazy_greedy_vs_vanilla_rag_f1": {
      "observed_diff": 0.11357519433754819,
      "p_value": 0.0,
      "ci_lower": 0.09961533989891744,
      "ci_upper": 0.12709220655492792,
      "significant_at_0.05": true,
      "significant_at_0.01": true
    },
    "agentragdrop_lazy_greedy_vs_vanilla_rag_tokens": {
      "observed_diff": 205.55883575883576,
      "p_value": 0.0,
      "ci_lower": 204.696288981289,
      "ci_upper": 206.39133056133056,
      "significant_at_0.05": true,
      "significant_at_0.01": true
    },
    "agentragdrop_risk_controlled_vs_vanilla_rag_f1": {
      "observed_diff": 0.11357519433754819,
      "p_value": 0.0,
      "ci_lower": 0.09882205099084712,
      "ci_upper": 0.1282185530244607,
      "significant_at_0.05": true,
      "significant_at_0.01": true
    },
    "agentragdrop_risk_controlled_vs_vanilla_rag_tokens": {
      "observed_diff": 205.55883575883576,
      "p_value": 0.0,
      "ci_lower": 204.78015592515592,
      "ci_upper": 206.35070686070685,
      "significant_at_0.05": true,
      "significant_at_0.01": true
    }
  },
  "timestamp": "2025-11-10 15:04:10"
}